Date,Field,Bunches,XL,L,M,Boxes,Box/Bunch,weight,%XL,%L,%M
12/3/07,102,162,28,23,4,55,0.34,990,50.9,41.8,7.272727273
12/10/07,101,134,37,51,12,100,0.75,1800,37,51,12
12/18/07,93,115,17,47,19,83,0.72,1494,20.5,56.6,22.89156627
12/18/07,96,12,2,7,2,11,0.92,198,18.2,63.6,18.18181818
12/18/07,1011,145,25,46,19,90,0.62,1620,27.8,51.1,21.11111111
12/18/07,102,37,7,7,2,16,0.43,288,43.8,43.8,12.5
1/8/08,93,95,27,19,3,49,0.52,882,55.1,38.8,6.12244898
1/8/08,96,13,6,14,1,21,1.62,378,28.6,66.7,4.761904762
1/8/08,1011,96,22,29,5,56,0.58,1008,39.3,51.8,8.928571429
1/8/08,101,71,11,17,3,31,0.44,558,35.5,54.8,9.677419355
1/8/08,102,115,22,24,7,53,0.46,954,41.5,45.3,13.20754717
1/21/08,96,106,59,39,5,103,0.97,1854,57.3,37.9,4.854368932
1/21/08,93,52,24,22,1,47,0.9,846,51.1,46.8,2.127659574
1/28/08,1011,194,63,74,13,150,0.77,2700,42,49.3,8.666666667
2/5/08,1011,92,14,37,12,63,0.68,1134,22.2,58.7,19.04761905
2/5/08,101,100,40,38,9,87,0.87,1566,46,43.7,10.34482759
2/12/08,101,134,32,44,11,87,0.65,1566,36.8,50.6,12.64367816
2/12/08,102,168,44,52,17,113,0.67,2034,38.9,46,15.04424779
2/19/08,102,129,10,28,12,50,0.39,900,20,56,24
2/19/08,96,142,66,76,10,152,1.07,2736,43.4,50,6.578947368
2/26/08,96,83,25,39,10,74,0.89,1332,33.8,52.7,13.51351351
2/26/08,93,147,64,56,6,126,0.86,2268,50.8,44.4,4.761904762
3/4/08,93,325,181,73,11,265,0.82,4770,68.3,27.5,4.150943396
3/11/08,1011,334,137,106,17,260,0.78,4680,52.7,40.8,6.538461538
3/18/08,1011,90,23,41,11,75,0.83,1350,30.7,54.7,14.66666667
3/18/08,101,272,108,102,20,230,0.85,4140,47,44.3,8.695652174
3/18/08,102,84,27,16,3,46,0.55,828,58.7,34.8,6.52173913
4/1/08,96,184,126,60,11,197,1.07,3546,64,30.5,5.583756345
4/1/08,96,180,91,97,15,203,1.13,3654,44.8,47.8,7.389162562
4/8/08,96,30,13,15,3,31,1.03,558,41.9,48.4,9.677419355
4/8/08,102,262,105,71,13,189,0.72,3402,55.6,37.6,6.878306878
4/8/08,1011,40,24,5,1,30,0.75,540,80,16.7,3.333333333
4/22/08,93,209,127,45,8,180,0.86,3240,70.6,25,4.444444444
4/22/08,96,94,39,26,5,70,0.74,1260,55.7,37.1,7.142857143
4/29/08,96,114,58,55,9,122,1.07,2196,47.5,45.1,7.37704918
4/29/08,101,118,89,37,2,128,1.08,2304,69.5,28.9,1.5625
5/6/08,101,208,110,61,6,177,0.85,3186,62.1,34.5,3.389830508
5/6/08,102,133,48,30,5,83,0.62,1494,57.8,36.1,6.024096386
5/6/08,1011,54,28,10,2,40,0.74,720,70,25,5
5/13/08,93,100,57,23,2,82,0.82,1476,69.5,28,2.43902439
5/13/08,96,96,35,38,6,79,0.82,1422,44.3,48.1,7.594936709
5/13/08,1011,165,57,29,3,89,0.54,1602,64,32.6,3.370786517
5/19/08,101,143,71,31,2,104,0.73,1872,68.3,29.8,1.923076923
5/27/08,1011,59,23,10,1,34,0.58,612,67.6,29.4,2.941176471
5/27/08,101,101,57,26,2,85,0.84,1530,67.1,30.6,2.352941176
5/27/08,102,130,53,29,3,85,0.65,1530,62.4,34.1,3.529411765
6/2/08,93,140,79,41,5,125,0.89,2250,63.2,32.8,4
6/2/08,96,39,17,12,0,29,0.74,522,58.6,41.4,0
6/9/08,96,103,56,45,5,106,1.03,1908,52.8,42.5,4.716981132
6/9/08,1011,54,26,15,3,44,0.81,792,59.1,34.1,6.818181818
6/17/08,101,143,96,43,5,144,1.01,2592,66.7,29.9,3.472222222
6/17/08,102,55,18,16,2,36,0.65,648,50,44.4,5.555555556
6/17/08,1011,63,13,7,0,20,0.32,360,65,35,0
6/23/08,93,67,27,22,3,52,0.78,936,51.9,42.3,5.769230769
6/23/08,96,99,34,49,9,92,0.93,1656,37,53.3,9.782608696
6/23/08,1011,12,5,1,0,6,0.5,108,83.3,16.7,0
6/30/08,1011,103,49,33,4,86,0.83,1548,57,38.4,4.651162791
6/30/08,101,80,33,25,2,60,0.75,1080,55,41.7,3.333333333
6/30/08,102,13,3,1,0,4,0.31,72,75,25,0
7/8/08,102,16,7,5,0,12,0.75,216,58.3,41.7,0
7/8/08,96,33,12,14,3,29,0.88,522,41.4,48.3,10.34482759
7/8/08,93,64,29,23,5,57,0.89,1026,50.9,40.4,8.771929825
7/8/08,101,106,33,26,1,60,0.57,1080,55,43.3,1.666666667
7/29/08,93,67,27,26,8,61,0.91,1098,44.3,42.6,13.1147541
7/29/08,96,78,25,39,8,72,0.92,1296,34.7,54.2,11.11111111
7/29/08,102,56,12,8,0,20,0.36,360,60,40,0
8/4/08,101,107,60,36,4,100,0.93,1800,60,36,4
8/11/08,93,32,10,12,3,25,0.78,450,40,48,12
8/11/08,1011,82,24,32,9,65,0.79,1170,36.9,49.2,13.84615385
8/11/08,101,56,32,23,5,60,1.07,1080,53.3,38.3,8.333333333
8/18/08,93,30,9,16,3,28,0.93,504,32.1,57.1,10.71428571
8/18/08,96,80,33,33,6,72,0.9,1296,45.8,45.8,8.333333333
8/25/08,102,77,20,32,10,62,0.81,1116,32.3,51.6,16.12903226
8/25/08,1011,70,16,22,0,38,0.54,684,42.1,57.9,0
9/2/08,101,143,47,68,8,123,0.86,2214,38.2,55.3,6.504065041
9/8/08,96,39,22,39,6,67,1.72,1206,32.8,58.2,8.955223881
9/8/08,101,69,15,17,3,35,0.51,630,42.9,48.6,8.571428571
9/16/08,93,116,42,42,11,95,0.82,1710,44.2,44.2,11.57894737
9/16/08,1011,64,4,4,0,8,0.13,144,50,50,0
9/16/08,96,13,18,24,5,47,3.62,846,38.3,51.1,10.63829787
9/22/08,93,11,4,6,1,11,1,198,36.4,54.5,9.090909091
9/22/08,96,31,8,14,4,26,0.84,468,30.8,53.8,15.38461538
9/22/08,101,14,10,2,0,12,0.86,216,83.3,16.7,0
9/22/08,102,57,19,26,6,51,0.89,918,37.3,51,11.76470588
9/29/08,101,104,54,42,4,100,0.96,1800,54,42,4
10/6/08,101,74,45,34,5,84,1.14,1512,53.6,40.5,5.952380952
10/6/08,96,28,6,10,0,16,0.57,288,37.5,62.5,0
10/14/08,93,92,30,38,13,81,0.88,1458,37,46.9,16.04938272
10/14/08,96,38,12,16,3,31,0.82,558,38.7,51.6,9.677419355
10/20/08,1011,69,22,25,5,52,0.75,936,42.3,48.1,9.615384615
10/20/08,102,65,20,25,3,48,0.74,864,41.7,52.1,6.25
11/3/08,101,57,36,21,3,60,1.05,1080,60,35,5
11/3/08,1011,61,12,24,4,40,0.66,720,30,60,10
11/18/08,96,105,50,41,7,98,0.93,1764,51,41.8,7.142857143
11/18/08,102,60,11,15,4,30,0.5,540,36.7,50,13.33333333
11/18/08,93,28,11,11,11,33,1.18,594,33.3,33.3,33.33333333
11/24/08,93,16,5,8,2,15,0.94,270,33.3,53.3,13.33333333
11/24/08,101,75,51,30,4,85,1.13,1530,60,35.3,4.705882353
12/2/08,101,162,87,53,10,150,0.93,2700,58,35.3,6.666666667
12/9/08,96,14,10,8,0,18,1.29,324,55.6,44.4,0
12/9/08,1011,135,68,56,8,132,0.98,2376,51.5,42.4,6.060606061
12/16/08,96,122,75,42,0,117,0.96,2106,64.1,35.9,0
12/16/08,93,37,23,10,0,33,0.89,594,69.7,30.3,0
1/6/09,93,123,80,29,0,109,0.89,1962,73.4,26.6,0
1/6/09,96,66,50,16,0,66,1,1188,75.8,24.2,0
1/6/09,1011,28,24,1,0,25,0.89,450,96,4,0
1/14/09,1011,186,125,39,0,164,0.88,2952,76.2,23.8,0
1/14/09,101,59,69,17,0,86,1.46,1548,80.2,19.8,0
1/20/09,101,254,190,52,0,242,0.95,4356,78.5,21.5,0
1/20/09,93,10,6,2,0,8,0.8,144,75,25,0
1/27/09,93,73,36,19,0,55,0.75,990,65.5,34.5,0
1/27/09,101,36,34,8,0,42,1.17,756,81,19,0
1/27/09,102,103,73,30,0,103,1,1854,70.9,29.1,0
2/3/09,93,90,72,29,0,101,1.12,1818,71.3,28.7,0
2/3/09,96,50,34,15,0,49,0.98,882,69.4,30.6,0
2/17/09,1011,210,103,41,0,144,0.69,2592,71.5,28.5,0
2/17/09,101,52,33,18,0,51,0.98,918,64.7,35.3,0
2/17/09,93,7,4,1,0,5,0.71,90,80,20,0
2/24/09,101,294,126,74,0,200,0.68,3600,63,37,0
3/3/09,102,206,87,50,0,137,0.67,2466,63.5,36.5,0
3/3/09,93,81,52,11,0,63,0.78,1134,82.5,17.5,0
3/10/09,93,221,142,58,0,200,0.9,3600,71,29,0
3/17/09,1011,93,53,30,0,83,0.89,1494,63.9,36.1,0
3/17/09,96,147,81,36,0,117,0.8,2106,69.2,30.8,0
3/31/09,96,20,14,7,0,21,1.05,378,66.7,33.3,0
3/31/09,101,234,117,62,0,179,0.76,3222,65.4,34.6,0
4/8/09,101,112,31,18,0,49,0.44,882,63.3,36.7,0
4/8/09,102,155,69,34,0,103,0.66,1854,67,33,0
4/8/09,1011,89,73,25,0,98,1.1,1764,74.5,25.5,0
4/21/09,93,236,149,51,0,200,0.85,3600,74.5,25.5,0
4/28/09,96,104,73,39,0,112,1.08,2016,65.2,34.8,0
4/28/09,1011,162,60,28,0,88,0.54,1584,68.2,31.8,0
5/6/09,1011,49,22,18,0,40,0.82,720,55,45,0
5/6/09,101,180,110,62,0,172,0.96,3096,64,36,0
5/6/09,102,45,26,12,0,38,0.84,684,68.4,31.6,0
5/12/09,93,99,60,29,0,89,0.9,1602,67.4,32.6,0
5/12/09,96,50,32,21,0,53,1.06,954,60.4,39.6,0
5/12/09,102,30,5,3,0,8,0.27,144,62.5,37.5,0
5/18/09,1011,50,0,0,33,33,0.66,594,0,0,100
5/26/09,1011,112,64,34,0,98,0.88,1764,65.3,34.7,0
5/26/09,101,85,30,22,0,52,0.61,936,57.7,42.3,0
6/2/09,93,142,86,36,0,122,0.86,2196,70.5,29.5,0
6/2/09,96,35,22,6,0,28,0.8,504,78.6,21.4,0
6/9/09,96,66,40,24,0,64,0.97,1152,62.5,37.5,0
6/9/09,101,69,19,14,0,33,0.48,594,57.6,42.4,0
6/9/09,102,77,31,22,0,53,0.69,954,58.5,41.5,0
6/23/09,1011,141,85,42,0,127,0.9,2286,66.9,33.1,0
6/23/09,101,29,17,6,0,23,0.79,414,73.9,26.1,0
6/30/09,101,86,36,24,0,60,0.7,1080,60,40,0
6/30/09,93,86,40,30,0,70,0.81,1260,57.1,42.9,0
6/30/09,96,35,13,7,0,20,0.57,360,65,35,0
7/7/09,96,61,41,24,0,65,1.07,1170,63.1,36.9,0
7/7/09,1011,28,9,10,0,19,0.68,342,47.4,52.6,0
7/7/09,102,101,39,27,0,66,0.65,1188,59.1,40.9,0
7/21/09,96,60,36,25,0,61,1.02,1098,59,41,0
7/21/09,1011,116,55,36,0,91,0.78,1638,60.4,39.6,0
7/28/09,93,127,55,43,0,98,0.77,1764,56.1,43.9,0
7/28/09,1011,96,32,20,0,52,0.54,936,61.5,38.5,0
8/4/09,101,180,94,56,0,150,0.83,2700,62.7,37.3,0
8/12/09,1011,63,29,18,0,47,0.75,846,61.7,38.3,0
8/12/09,101,51,25,18,0,43,0.84,774,58.1,41.9,0
8/12/09,102,81,41,19,0,60,0.74,1080,68.3,31.7,0
8/18/09,102,52,23,16,0,39,0.75,702,59,41,0
8/18/09,96,130,65,46,0,111,0.85,1998,58.6,41.4,0
8/24/09,93,78,38,55,0,93,1.19,1674,40.9,59.1,0
8/24/09,1011,92,29,28,0,57,0.62,1026,50.9,49.1,0
9/1/09,101,145,53,47,0,100,0.69,1800,53,47,0
9/1/09,102,82,20,30,0,50,0.61,900,40,60,0
9/15/09,93,17,7,2,0,9,0.53,162,77.8,22.2,0
9/15/09,96,118,45,50,0,95,0.81,1710,47.4,52.6,0
9/15/09,1011,56,12,18,0,30,0.54,540,40,60,0
9/15/09,101,23,9,7,0,16,0.7,288,56.3,43.8,0
9/22/09,93,135,43,53,0,96,0.71,1728,44.8,55.2,0
9/22/09,1011,55,24,23,0,47,0.85,846,51.1,48.9,0
9/22/09,101,13,6,1,0,7,0.54,126,85.7,14.3,0
10/6/09,101,67,77,58,0,135,2.01,2430,57,43,0
10/6/09,102,37,15,0,0,15,0.41,270,100,0,0
10/13/09,96,148,57,67,0,124,0.84,2232,46,54,0
10/13/09,93,21,14,12,0,26,1.24,468,53.8,46.2,0
10/20/09,93,136,41,55,0,96,0.71,1728,42.7,57.3,0
10/20/09,1011,134,42,47,0,89,0.66,1602,47.2,52.8,0
10/20/09,102,22,7,8,0,15,0.68,270,46.7,53.3,0
10/27/09,96,58,25,18,0,43,0.74,774,58.1,41.9,0
10/27/09,101,94,38,35,0,73,0.78,1314,52.1,47.9,0
10/27/09,102,53,17,17,0,34,0.64,612,50,50,0
11/3/09,93,66,22,26,0,48,0.73,864,45.8,54.2,0
11/3/09,96,83,36,42,0,78,0.94,1404,46.2,53.8,0
11/3/09,1011,60,7,17,0,24,0.4,432,29.2,70.8,0
11/10/09,93,14,8,6,0,14,1,252,57.1,42.9,0
11/10/09,96,40,13,24,0,37,0.93,666,35.1,64.9,0
11/10/09,1011,31,3,5,0,8,0.26,144,37.5,62.5,0
11/10/09,101,60,13,16,0,29,0.48,522,44.8,55.2,0
11/10/09,102,28,4,11,0,15,0.54,270,26.7,73.3,0
11/30/09,96,139,71,61,0,132,0.95,2376,53.8,46.2,0
11/30/09,1011,30,5,13,0,18,0.6,324,27.8,72.2,0
12/8/09,1011,86,17,24,0,41,0.48,738,41.5,58.5,0
12/8/09,101,167,67,42,0,109,0.65,1962,61.5,38.5,0
12/15/09,101,34,6,8,0,14,0.41,252,42.9,57.1,0
12/16/09,102,40,9,10,0,19,0.48,342,47.4,52.6,0
12/17/09,93,89,23,40,0,63,0.71,1134,36.5,63.5,0
12/18/09,96,80,37,17,0,54,0.68,972,68.5,31.5,0
1/6/10,93,60,13,24,0,37,0.62,666,35.1,64.9,0
1/7/10,96,73,44,24,0,68,0.93,1224,64.7,35.3,0
1/8/10,1011,203,64,51,0,115,0.57,2070,55.7,44.3,0
1/12/10,1011,14,10,4,0,14,1,252,71.4,28.6,0
1/13/10,101,177,101,39,0,140,0.79,2520,72.1,27.9,0
1/19/10,102,92,25,15,0,40,0.43,720,62.5,37.5,0
1/19/10,101,19,9,4,0,13,0.68,234,69.2,30.8,0
1/19/10,93,54,28,17,0,45,0.83,810,62.2,37.8,0
1/19/10,96,33,24,10,0,34,1.03,612,70.6,29.4,0
1/19/10,1011,29,11,8,0,19,0.66,342,57.9,42.1,0
1/26/10,1011,69,24,11,0,35,0.51,630,68.6,31.4,0
1/26/10,101,78,50,15,0,65,0.83,1170,76.9,23.1,0
2/2/10,101,125,83,25,0,108,0.86,1944,76.9,23.1,0
2/2/10,93,57,27,15,0,42,0.74,756,64.3,35.7,0
2/9/10,93,81,52,16,0,68,0.84,1224,76.5,23.5,0
2/9/10,96,114,66,16,0,82,0.72,1476,80.5,19.5,0
2/16/10,1011,202,94,43,0,137,0.68,2466,68.6,31.4,0
2/16/10,102,22,8,5,0,13,0.59,234,61.5,38.5,0
2/24/10,102,90,45,23,0,68,0.76,1224,66.2,33.8,0
2/24/10,101,139,104,29,0,133,0.96,2394,78.2,21.8,0
3/2/10,93,161,85,48,0,133,0.83,2394,63.9,36.1,0
3/2/10,96,78,45,22,0,67,0.86,1206,67.2,32.8,0
3/9/10,96,102,43,40,0,40,0.93,720,100,#REF!,0
3/9/10,1011,163,67,50,0,50,0.75,900,100,#REF!,0
3/16/10,1011,79,40,24,0,64,0.81,1152,62.5,37.5,0
3/16/10,102,75,34,28,0,62,0.83,1116,54.8,45.2,0
3/16/10,101,83,53,30,0,83,1,1494,63.9,36.1,0
3/24/10,93,97,52,32,0,84,0.87,1512,61.9,38.1,0
3/24/10,96,67,40,14,0,54,0.81,972,74.1,25.9,0
3/24/10,101,128,71,41,0,112,0.88,2016,63.4,36.6,0
3/30/10,1011,146,84,42,0,126,0.86,2268,66.7,33.3,0
3/30/10,102,47,24,0,0,24,0.51,432,100,0,0
4/13/10,102,77,46,22,0,68,0.88,1224,67.6,32.4,0
4/13/10,101,150,97,35,0,132,0.88,2376,73.5,26.5,0
4/20/10,101,74,54,21,0,75,1.01,1350,72,28,0
4/20/10,1011,126,80,30,0,110,0.87,1980,72.7,27.3,0
4/20/10,96,33,10,5,0,15,0.45,270,66.7,33.3,0
4/27/10,93,50,27,14,0,41,0.82,738,65.9,34.1,0
4/27/10,96,138,92,40,0,132,0.96,2376,69.7,30.3,0
4/27/10,1011,28,16,11,0,27,0.96,486,59.3,40.7,0
5/5/10,93,83,51,20,0,71,0.86,1278,71.8,28.2,0
5/5/10,102,36,29,11,0,40,1.11,720,72.5,27.5,0
5/5/10,101,178,60,29,0,89,0.5,1602,67.4,32.6,0
5/12/10,93,30,17,7,0,24,0.8,432,70.8,29.2,0
5/12/10,96,50,34,15,0,49,0.98,882,69.4,30.6,0
5/12/10,1011,85,57,23,0,80,0.94,1440,71.3,28.8,0
5/12/10,101,55,25,22,0,47,0.85,846,53.2,46.8,0
5/25/10,93,27,14,9,0,23,0.85,414,60.9,39.1,0
5/25/10,96,27,16,9,0,25,0.93,450,64,36,0
5/25/10,1011,77,41,21,0,62,0.81,1116,66.1,33.9,0
5/25/10,102,49,29,15,0,44,0.9,792,65.9,34.1,0
5/25/10,101,51,37,9,0,46,0.9,828,80.4,19.6,0
5/31/10,101,142,67,33,0,100,0.7,1800,67,33,0
6/7/10,1011,86,47,22,0,69,0.8,1242,68.1,31.9,0
6/7/10,96,51,25,6,0,31,0.61,558,80.6,19.4,0
6/15/10,93,103,53,28,0,81,0.79,1458,65.4,34.6,0
6/15/10,102,29,16,3,0,19,0.66,342,84.2,15.8,0
6/22/10,102,54,22,19,0,41,0.76,738,53.7,46.3,0
6/22/10,101,84,35,24,0,59,0.7,1062,59.3,40.7,0
6/29/10,101,49,18,18,0,36,0.73,648,50,50,0
6/29/10,1011,93,49,38,0,87,0.94,1566,56.3,43.7,0
6/29/10,96,35,23,4,0,27,0.77,486,85.2,14.8,0
7/6/10,96,60,31,32,0,63,1.05,1134,49.2,50.8,0
7/6/10,93,88,29,25,0,54,0.61,972,53.7,46.3,0
7/6/10,1011,25,8,10,0,18,0.72,324,44.4,55.6,0
7/6/10,102,21,5,10,0,15,0.71,270,33.3,66.7,0
7/20/10,93,26,10,12,0,22,0.85,396,45.5,54.5,0
7/20/10,96,30,13,14,0,27,0.9,486,48.1,51.9,0
7/20/10,1011,43,18,19,0,37,0.86,666,48.6,51.4,0
7/20/10,101,13,6,8,0,14,1.08,252,42.9,57.1,0
7/13/10,102,36,19,10,0,29,0.81,522,65.5,34.5,0
7/13/10,101,54,27,12,0,39,0.72,702,69.2,30.8,0
7/13/10,1011,44,18,14,0,32,0.73,576,56.3,43.8,0
7/27/10,96,14,10,9,0,19,1.36,342,52.6,47.4,0
7/27/10,1011,33,11,8,0,19,0.58,342,57.9,42.1,0
7/27/10,101,52,16,19,0,35,0.67,630,45.7,54.3,0
7/27/10,102,36,14,13,0,27,0.75,486,51.9,48.1,0
8/16/10,93,40,17,14,0,31,0.78,558,54.8,45.2,0
8/16/10,1011,89,38,31,0,69,0.78,1242,55.1,44.9,0
8/24/10,102,80,27,28,0,55,0.69,990,49.1,50.9,0
8/24/10,101,64,25,20,0,45,0.7,810,55.6,44.4,0
8/31/10,96,51,34,23,0,57,1.12,1026,59.6,40.4,0
8/31/10,101,58,22,21,0,43,0.74,774,51.2,48.8,0
9/21/10,101,110,36,43,0,79,0.72,1422,45.6,54.4,0
9/21/10,102,32,12,9,0,21,0.66,378,57.1,42.9,0
9/28/10,1011,122,59,41,0,100,0.82,1800,59,41,0
10/5/10,93,85,20,36,0,56,0.66,1008,35.7,64.3,0
10/5/10,96,102,60,34,0,94,0.92,1692,63.8,36.2,0
10/12/10,102,121,31,35,0,66,0.55,1188,47,53,0
10/12/10,101,70,15,22,0,37,0.53,666,40.5,59.5,0
10/12/10,96,55,30,17,0,47,0.85,846,63.8,36.2,0
10/19/10,1011,62,18,21,0,39,0.63,702,46.2,53.8,0
10/19/10,93,69,5,21,0,26,0.38,468,19.2,80.8,0
10/19/10,96,54,20,15,0,35,0.65,630,57.1,42.9,0
10/26/10,93,19,10,18,0,28,1.47,504,35.7,64.3,0
10/26/10,96,37,10,16,0,26,0.7,468,38.5,61.5,0
10/26/10,101,56,12,20,0,32,0.57,576,37.5,62.5,0
10/26/10,102,36,4,10,0,14,0.39,252,28.6,71.4,0
11/8/10,93,52,6,16,0,22,0.42,396,27.3,72.7,0
11/8/10,96,42,16,17,0,33,0.79,594,48.5,51.5,0
11/8/10,1011,37,8,15,0,23,0.62,414,34.8,65.2,0
11/8/10,102,54,9,13,0,22,0.41,396,40.9,59.1,0
11/15/10,101,85,19,31,0,50,0.59,900,38,62,0
11/23/10,96,70,24,29,0,53,0.76,954,45.3,54.7,0
11/23/10,101,64,15,20,0,35,0.55,630,42.9,57.1,0
11/23/10,102,19,6,6,0,12,0.63,216,50,50,0
11/30/10,96,24,8,13,0,21,0.88,378,38.1,61.9,0
11/30/10,93,59,6,26,0,32,0.54,576,18.8,81.3,0
11/30/10,1011,39,21,26,0,47,1.21,846,44.7,55.3,0
12/7/10,96,40,14,11,0,25,0.63,450,56,44,0
12/7/10,1011,51,19,18,0,37,0.73,666,51.4,48.6,0
12/7/10,101,84,12,26,0,38,0.45,684,31.6,68.4,0
12/14/10,93,53,5,20,0,25,0.47,450,20,80,0
12/14/10,96,24,10,7,0,17,0.71,306,58.8,41.2,0
12/14/10,1011,19,6,4,0,10,0.53,180,60,40,0
12/14/10,101,42,7,12,0,19,0.45,342,36.8,63.2,0
12/14/10,102,68,10,19,0,29,0.43,522,34.5,65.5,0
1/5/11,96,58,30,19,0,49,0.84,882,61.2,38.8,0
1/5/11,1011,64,44,15,0,59,0.92,1062,74.6,25.4,0
1/11/11,93,18,7,0,0,7,0.39,126,100,0,0
1/11/11,101,103,37,22,0,59,0.57,1062,62.7,37.3,0
1/11/11,102,88,19,15,0,34,0.39,612,55.9,44.1,0
1/17/11,96,54,24,15,0,39,0.72,702,61.5,38.5,0
1/17/11,93,30,5,6,0,11,0.37,198,45.5,54.5,0
1/24/11,1011,96,40,10,0,50,0.52,900,80,20,0
2/1/11,96,17,9,0,0,9,0.53,162,100,0,0
2/1/11,1011,57,30,16,0,46,0.81,828,65.2,34.8,0
2/1/11,101,77,24,21,0,45,0.58,810,53.3,46.7,0
2/8/11,96,94,66,40,0,106,1.13,1908,62.3,37.7,0
2/8/11,93,78,20,24,0,44,0.56,792,45.5,54.5,0
2/15/11,93,83,44,24,0,68,0.82,1224,64.7,35.3,0
2/15/11,1011,108,49,34,0,83,0.77,1494,59,41,0
2/15/11,102,104,21,28,0,49,0.47,882,42.9,57.1,0
2/22/11,101,169,48,52,0,100,0.59,1800,48,52,0
3/1/11,93,155,39,59,0,98,0.63,1764,39.8,60.2,0
3/1/11,102,47,6,12,0,18,0.38,324,33.3,66.7,0
3/1/11,1011,27,19,15,0,34,1.26,612,55.9,44.1,0
3/8/11,96,107,34,47,0,81,0.76,1458,42,58,0
3/8/11,1011,70,24,92,0,116,1.66,2088,20.7,79.3,0
3/15/11,93,80,26,24,0,50,0.63,900,52,48,0
3/15/11,101,248,39,61,0,100,0.4,1800,39,61,0
3/23/11,96,106,38,34,0,72,0.68,1296,52.8,47.2,0
3/23/11,102,91,29,19,0,48,0.53,864,60.4,39.6,0
3/23/11,1011,49,14,16,0,30,0.61,540,46.7,53.3,0
3/29/11,1011,93,47,22,0,69,0.74,1242,68.1,31.9,0
3/29/11,93,100,39,34,0,73,0.73,1314,53.4,46.6,0
3/29/11,96,23,8,0,0,8,0.35,144,100,0,0
4/5/11,101,170,67,33,0,100,0.59,1800,67,33,0
4/12/11,93,68,34,13,0,47,0.69,846,72.3,27.7,0
4/12/11,96,65,38,14,0,52,0.8,936,73.1,26.9,0
4/12/11,102,84,42,9,0,51,0.61,918,82.4,17.6,0
4/19/11,101,86,47,20,0,67,0.78,1206,70.1,29.9,0
4/19/11,1011,64,26,7,0,33,0.52,594,78.8,21.2,0
5/4/11,1011,76,31,18,0,49,0.64,882,63.3,36.7,0
5/4/11,96,95,56,24,0,80,0.84,1440,70,30,0
5/4/11,93,50,20,1,0,21,0.42,378,95.2,4.8,0
5/10/11,101,171,82,45,0,127,0.74,2286,64.6,35.4,0
5/10/11,102,64,23,0,0,23,0.36,414,100,0,0
5/17/11,102,36,14,7,0,21,0.58,378,66.7,33.3,0
5/17/11,96,62,21,22,0,43,0.69,774,48.8,51.2,0
5/17/11,93,61,21,15,0,36,0.59,648,58.3,41.7,0
5/24/11,93,16,8,5,0,13,0.81,234,61.5,38.5,0
5/24/11,101,97,33,29,0,62,0.64,1116,53.2,46.8,0
5/24/11,102,50,16,9,0,25,0.5,450,64,36,0
5/31/11,96,47,17,15,0,32,0.68,576,53.1,46.9,0
5/31/11,93,23,5,8,0,13,0.57,234,38.5,61.5,0
5/31/11,1011,34,10,11,0,21,0.62,378,47.6,52.4,0
5/31/11,101,11,3,1,0,4,0.36,72,75,25,0
6/14/11,101,75,22,23,0,45,0.6,810,48.9,51.1,0
6/14/11,96,11,5,0,0,5,0.45,90,100,0,0
6/21/11,93,32,5,14,0,19,0.59,342,26.3,73.7,0
6/21/11,96,27,3,13,0,16,0.59,288,18.8,81.3,0
6/21/11,1011,37,4,11,0,15,0.41,270,26.7,73.3,0
7/4/11,101,92,30,28,0,58,0.63,1044,51.7,48.3,0
7/19/11,96,55,13,25,0,38,0.69,684,34.2,65.8,0
7/19/11,102,42,9,3,0,12,0.29,216,75,25,0
7/26/11,101,44,18,11,0,29,0.66,522,62.1,37.9,0
7/26/11,1011,12,3,6,0,9,0.75,162,33.3,66.7,0
7/26/11,93,16,4,8,0,12,0.75,216,33.3,66.7,0
8/2/11,102,32,9,11,0,20,0.63,360,45,55,0
8/2/11,1011,20,5,6,0,11,0.55,198,45.5,54.5,0
8/2/11,93,36,7,12,0,19,0.53,342,36.8,63.2,0
8/9/11,96,34,9,16,0,25,0.74,450,36,64,0
8/9/11,1011,8,2,4,0,6,0.75,108,33.3,66.7,0
8/9/11,101,50,9,10,0,19,0.38,342,47.4,52.6,0
8/16/11,93,32,7,12,0,19,0.59,342,36.8,63.2,0
8/16/11,1011,26,6,10,0,16,0.62,288,37.5,62.5,0
8/16/11,102,23,7,8,0,15,0.65,270,46.7,53.3,0
8/23/11,101,47,10,18,0,28,0.6,504,35.7,64.3,0
8/23/11,96,27,7,15,0,22,0.81,396,31.8,68.2,0
8/29/11,96,22,7,11,0,18,0.82,324,38.9,61.1,0
8/29/11,1011,20,3,5,0,8,0.4,144,37.5,62.5,0
8/29/11,102,40,9,15,0,24,0.6,432,37.5,62.5,0
9/8/11,101,78,18,32,0,50,0.64,900,36,64,0
9/13/11,102,41,8,20,0,28,0.68,504,28.6,71.4,0
9/13/11,93,50,7,15,0,22,0.44,396,31.8,68.2,0
9/20/11,1011,20,14,16,0,30,1.5,540,46.7,53.3,0
9/20/11,96,58,12,8,0,20,0.34,360,60,40,0
9/27/11,101,66,18,29,0,47,0.71,846,38.3,61.7,0
9/27/11,93,9,2,1,0,3,0.33,54,66.7,33.3,0
10/3/11,1011,31,5,12,0,17,0.55,306,29.4,70.6,0
10/3/11,93,50,18,15,0,33,0.66,594,54.5,45.5,0
10/31/11,101,152,65,72,0,137,0.9,2466,47.4,52.6,0
10/11/11,96,74,27,23,0,50,0.68,900,54,46,0
10/18/11,102,114,52,48,0,100,0.88,1800,52,48,0
10/25/11,93,96,32,45,0,77,0.8,1386,41.6,58.4,0
10/25/11,96,82,38,35,0,73,0.89,1314,52.1,47.9,0
11/1/11,1011,20,9,4,0,13,0.65,234,69.2,30.8,0
11/8/11,102,64,24,25,0,49,0.77,882,49,51,0
11/8/11,96,53,26,21,0,47,0.89,846,55.3,44.7,0
11/8/11,93,70,24,25,0,49,0.7,882,49,51,0
11/15/11,101,74,24,35,0,59,0.8,1062,40.7,59.3,0
11/15/11,1011,58,19,22,0,41,0.71,738,46.3,53.7,0
12/20/11,93,46,28,12,0,40,0.87,720,70,30,0
12/20/11,96,56,28,21,0,49,0.88,882,57.1,42.9,0
12/20/11,1011,21,4,7,0,11,0.52,198,36.4,63.6,0
1/4/12,101,125,54,29,0,83,0.66,1494,65.1,34.9,0
1/4/12,102,32,17,14,0,31,0.97,558,54.8,45.2,0
1/4/12,93,36,32,4,0,36,1,648,88.9,11.1,0
1/10/12,93,40,32,9,0,41,1.03,738,78,22,0
1/10/12,96,93,75,20,0,95,1.02,1710,78.9,21.1,0
1/10/12,1011,20,14,0,0,14,0.7,252,100,0,0
11/22/11,93,90,39,38,0,77,0.86,1386,50.6,49.4,0
11/22/11,96,43,15,8,0,23,0.53,414,65.2,34.8,0
11/29/11,96,30,12,11,0,23,0.77,414,52.2,47.8,0
11/29/11,101,38,19,17,0,36,0.95,648,52.8,47.2,0
11/29/11,102,44,28,13,0,41,0.93,738,68.3,31.7,0
12/6/11,93,42,16,18,0,34,0.81,612,47.1,52.9,0
12/6/11,96,28,6,14,0,20,0.71,360,30,70,0
12/6/11,1011,36,12,14,0,26,0.72,468,46.2,53.8,0
12/6/11,102,19,13,8,0,21,1.11,378,61.9,38.1,0
1/17/12,1011,54,32,13,0,45,0.83,810,71.1,28.9,0
1/17/12,101,84,52,12,0,64,0.76,1152,81.3,18.8,0
1/17/12,102,60,30,11,0,41,0.68,738,73.2,26.8,0
1/24/12,96,97,100,17,0,117,1.21,2106,85.5,14.5,0
1/24/12,93,41,28,5,0,33,0.8,594,84.8,15.2,0
1/31/12,93,37,31,2,0,33,0.89,594,93.9,6.1,0
1/31/12,1011,56,27,13,0,40,0.71,720,67.5,32.5,0
1/31/12,102,117,55,22,0,77,0.66,1386,71.4,28.6,0
2/7/12,93,181,116,34,0,150,0.83,2700,77.3,22.7,0
2/14/12,101,177,95,55,0,150,0.85,2700,63.3,36.7,0
2/22/12,101,275,111,89,0,200,0.73,3600,55.5,44.5,0
2/29/12,93,93,51,59,0,110,1.18,1980,46.4,53.6,0
2/29/12,96,193,84,70,0,154,0.8,2772,54.5,45.5,0
2/29/12,1011,95,37,29,0,66,0.69,1188,56.1,43.9,0
3/6/12,93,58,32,26,0,58,1,1044,55.2,44.8,0
3/6/12,102,116,43,34,0,77,0.66,1386,55.8,44.2,0
3/6/12,101,84,27,38,0,65,0.77,1170,41.5,58.5,0
3/13/12,1011,34,15,14,0,29,0.85,522,51.7,48.3,0
3/13/12,96,58,24,21,0,45,0.78,810,53.3,46.7,0
3/13/12,93,61,27,14,0,41,0.67,738,65.9,34.1,0
3/13/12,101,50,13,22,0,35,0.7,630,37.1,62.9,0
3/20/12,101,93,31,34,0,65,0.7,1170,47.7,52.3,0
3/20/12,1011,25,7,0,0,7,0.28,126,100,0,0
3/20/12,102,36,13,15,0,28,0.78,504,46.4,53.6,0
3/27/12,96,67,31,31,0,62,0.93,1116,50,50,0
3/27/12,93,49,20,18,0,38,0.78,684,52.6,47.4,0
4/2/12,101,136,57,43,0,100,0.74,1800,57,43,0
4/17/12,1011,72,39,22,0,61,0.85,1098,63.9,36.1,0
4/17/12,96,50,25,20,0,45,0.9,810,55.6,44.4,0
4/17/12,102,69,32,12,0,44,0.64,792,72.7,27.3,0
4/23/12,93,114,68,32,0,100,0.88,1800,68,32,0
4/26/12,101,77,46,4,0,50,0.65,900,92,8,0
4/30/12,101,40,26,12,0,38,0.95,684,68.4,31.6,0
4/30/12,102,87,49,13,0,62,0.71,1116,79,21,0
5/8/12,1011,68,36,23,0,59,0.87,1062,61,39,0
5/8/12,96,81,48,31,0,79,0.98,1422,60.8,39.2,0
5/8/12,93,18,12,0,0,12,0.67,216,100,0,0
5/15/12,93,53,35,15,0,50,0.94,900,70,30,0
5/15/12,101,136,63,37,0,100,0.74,1800,63,37,0
5/21/12,1011,62,20,29,0,49,0.79,882,40.8,59.2,0
5/21/12,102,78,25,26,0,51,0.65,918,49,51,0
5/29/12,96,64,32,32,0,64,1,1152,50,50,0
5/29/12,93,45,28,13,0,41,0.91,738,68.3,31.7,0
6/5/12,101,160,65,61,0,126,0.79,2268,51.6,48.4,0
6/5/12,93,30,20,4,0,24,0.8,432,83.3,16.7,0
6/12/12,1011,86,25,44,0,69,0.8,1242,36.2,63.8,0
6/12/12,101,27,15,9,0,24,0.89,432,62.5,37.5,0
6/12/12,93,12,5,2,0,7,0.58,126,71.4,28.6,0
6/18/12,96,51,25,26,0,51,1,918,49,51,0
6/18/12,93,61,33,25,0,58,0.95,1044,56.9,43.1,0
6/18/12,102,48,12,18,0,30,0.63,540,40,60,0
6/18/12,1011,12,5,6,0,11,0.92,198,45.5,54.5,0
6/25/12,1011,58,17,53,0,70,1.21,1260,24.3,75.7,0
6/25/12,101,82,23,43,0,66,0.8,1188,34.8,65.2,0
6/25/12,93,21,10,4,0,14,0.67,252,71.4,28.6,0
7/2/12,93,53,27,20,0,47,0.89,846,57.4,42.6,0
7/2/12,96,47,18,22,0,40,0.85,720,45,55,0
7/2/12,1011,24,5,8,0,13,0.54,234,38.5,61.5,0
7/16/12,101,71,28,35,0,63,0.89,1134,44.4,55.6,0
7/16/12,96,23,11,14,0,25,1.09,450,44,56,0
7/16/12,93,16,6,6,0,12,0.75,216,50,50,0
7/9/12,1011,73,10,43,0,53,0.73,954,18.9,81.1,0
7/9/12,101,23,8,11,0,19,0.83,342,42.1,57.9,0
7/9/12,102,44,10,18,0,28,0.64,504,35.7,64.3,0
7/23/12,1011,117,22,67,0,89,0.76,1602,24.7,75.3,0
7/23/12,96,11,1,3,0,4,0.36,72,25,75,0
7/23/12,93,10,2,5,0,7,0.7,126,28.6,71.4,0
7/30/12,93,27,8,13,0,21,0.78,378,38.1,61.9,0
7/30/12,96,34,10,21,0,31,0.91,558,32.3,67.7,0
7/30/12,101,60,17,31,0,48,0.8,864,35.4,64.6,0
8/6/12,102,81,19,44,0,63,0.78,1134,30.2,69.8,0
8/6/12,101,38,10,27,0,37,0.97,666,27,73,0
8/13/12,1011,161,25,75,0,100,0.62,1800,25,75,0
8/13/12,1011,90,8,46,0,54,0.6,972,14.8,85.2,0
8/20/12,1011,186,10,91,0,101,0.54,1818,9.9,90.1,0
8/20/12,96,55,20,29,0,49,0.89,882,40.8,59.2,0
8/27/12,93,78,42,28,0,70,0.9,1260,60,40,0
8/27/12,96,21,4,14,0,18,0.86,324,22.2,77.8,0
8/27/12,102,21,2,10,0,12,0.57,216,16.7,83.3,0
9/3/12,101,116,46,54,0,100,0.86,1800,46,54,0
9/10/12,1011,132,22,78,0,100,0.76,1800,22,78,0
9/17/12,1011,35,16,18,0,34,0.97,612,47.1,52.9,0
9/17/12,96,78,35,31,0,66,0.85,1188,53,47,0
9/24/12,93,91,42,45,0,87,0.96,1566,48.3,51.7,0
9/24/12,102,15,6,7,0,13,0.87,234,46.2,53.8,0
10/1/12,102,88,24,42,0,66,0.75,1188,36.4,63.6,0
10/1/12,1011,64,11,23,0,34,0.53,612,32.4,67.6,0
10/8/12,1011,160,35,65,0,100,0.63,1800,35,65,0
10/15/12,101,112,70,30,0,100,0.89,1800,70,30,0
10/22/12,96,176,92,84,0,176,1,3168,52.3,47.7,0
10/22/12,93,49,15,9,0,24,0.49,432,62.5,37.5,0
11/6/12,101,127,73,48,0,121,0.95,2178,60.3,39.7,0
11/6/12,102,94,39,40,0,79,0.84,1422,49.4,50.6,0
11/12/12,1011,86,16,35,0,51,0.59,918,31.4,68.6,0
11/12/12,96,75,41,37,0,78,1.04,1404,52.6,47.4,0
11/12/12,93,82,38,34,0,72,0.88,1296,52.8,47.2,0
11/22/12,1011,38,22,19,0,41,1.08,738,53.7,46.3,0
11/22/12,101,155,81,58,0,139,0.9,2502,58.3,41.7,0
11/22/12,93,52,22,23,0,45,0.87,810,48.9,51.1,0
11/27/12,102,74,22,28,0,50,0.68,900,44,56,0
11/27/12,93,63,20,30,0,50,0.79,900,40,60,0
11/27/12,1011,68,22,28,0,50,0.74,900,44,56,0
12/4/12,96,116,56,44,0,100,0.86,1800,56,44,0
12/11/12,96,31,13,13,0,26,0.84,468,50,50,0
12/11/12,101,73,45,29,0,74,1.01,1332,60.8,39.2,0
12/18/12,93,68,39,27,0,66,0.97,1188,59.1,40.9,0
12/18/12,96,34,19,15,0,34,1,612,55.9,44.1,0
1/7/13,101,108,86,24,0,110,1.02,1980,78.2,21.8,0
1/15/13,96,102,80,33,0,113,1.11,2034,70.8,29.2,0
1/15/13,93,46,30,7,0,37,0.8,666,81.1,18.9,0
1/22/13,93,115,90,31,0,121,1.05,2178,74.4,25.6,0
1/22/13,1011,54,32,15,0,47,0.87,846,68.1,31.9,0
1/22/13,101,43,37,6,0,43,1,774,86,14,0
1/29/13,102,146,94,33,0,127,0.87,2286,74,26,0
1/29/13,101,64,48,18,0,66,1.03,1188,72.7,27.3,0
1/29/13,1011,25,3,4,0,7,0.28,126,42.9,57.1,0
2/5/13,101,207,150,50,0,200,0.97,3600,75,25,0
2/12/13,96,213,140,60,0,200,0.94,3600,70,30,0
2/19/13,96,25,13,12,0,25,1,450,52,48,0
2/19/13,93,188,124,51,0,175,0.93,3150,70.9,29.1,0
2/26/13,93,100,56,33,0,89,0.89,1602,62.9,37.1,0
2/26/13,1011,144,74,37,0,111,0.77,1998,66.7,33.3,0
3/5/13,102,102,55,36,0,91,0.89,1638,60.4,39.6,0
3/5/13,101,115,65,44,0,109,0.95,1962,59.6,40.4,0
3/12/13,101,157,107,43,0,150,0.96,2700,71.3,28.7,0
3/19/13,101,91,58,26,0,84,0.92,1512,69,31,0
3/19/13,96,127,77,44,0,121,0.95,2178,63.6,36.4,0
3/19/13,93,53,29,16,0,45,0.85,810,64.4,35.6,0
3/26/13,93,113,64,36,0,100,0.88,1800,64,36,0
3/26/13,1011,117,65,35,0,100,0.85,1800,65,35,0
4/9/13,102,39,31,12,0,43,1.1,774,72.1,27.9,0
4/9/13,101,155,110,37,0,147,0.95,2646,74.8,25.2,0
4/9/13,1011,23,5,5,0,10,0.43,180,50,50,0
4/16/13,96,126,87,43,0,130,1.03,2340,66.9,33.1,0
4/16/13,101,85,59,11,0,70,0.82,1260,84.3,15.7,0
4/23/13,101,64,30,24,0,54,0.84,972,55.6,44.4,0
4/23/13,1011,221,88,58,0,146,0.66,2628,60.3,39.7,0
4/30/13,93,181,102,45,0,147,0.81,2646,69.4,30.6,0
4/30/13,96,49,41,11,0,52,1.06,936,78.8,21.2,0
4/30/13,102,66,36,23,0,59,0.89,1062,61,39,0
5/6/13,102,14,13,9,0,22,1.57,396,59.1,40.9,0
5/6/13,101,139,94,39,0,133,0.96,2394,70.7,29.3,0
5/13/13,101,63,36,18,0,54,0.86,972,66.7,33.3,0
5/13/13,1011,47,29,34,0,63,1.34,1134,46,54,0
5/20/13,96,56,29,20,0,49,0.88,882,59.2,40.8,0
5/20/13,93,46,27,15,0,42,0.91,756,64.3,35.7,0
5/20/13,102,57,29,20,0,49,0.86,882,59.2,40.8,0
5/27/13,101,103,66,34,0,100,0.97,1800,66,34,0
6/10/13,1011,73,23,32,0,55,0.75,990,41.8,58.2,0
6/10/13,96,50,28,17,0,45,0.9,810,62.2,37.8,0
6/18/13,93,44,23,15,0,38,0.86,684,60.5,39.5,0
6/18/13,101,68,45,17,0,62,0.91,1116,72.6,27.4,0
6/24/13,102,34,7,6,0,13,0.38,234,53.8,46.2,0
6/24/13,101,14,20,12,0,32,2.29,576,62.5,37.5,0
6/24/13,1011,79,28,27,0,55,0.7,990,50.9,49.1,0
7/15/13,96,58,38,22,0,60,1.03,1080,63.3,36.7,0
7/15/13,1011,54,22,18,0,40,0.74,720,55,45,0
7/22/13,1011,108,33,39,0,72,0.67,1296,45.8,54.2,0
7/22/13,93,32,15,12,0,27,0.84,486,55.6,44.4,0
6/30/13,93,31,21,12,0,33,1.06,594,63.6,36.4,0
6/30/13,101,74,43,24,0,67,0.91,1206,64.2,35.8,0
8/12/13,1011,81,36,29,0,65,0.8,1170,55.4,44.6,0
8/12/13,101,33,29,6,0,35,1.06,630,82.9,17.1,0
8/19/13,1011,121,33,46,0,79,0.65,1422,41.8,58.2,0
8/19/13,101,28,15,6,0,21,0.75,378,71.4,28.6,0
8/26/13,96,56,38,20,0,58,1.04,1044,65.5,34.5,0
8/26/13,101,43,34,12,0,46,1.07,828,73.9,26.1,0
9/2/13,96,15,4,7,0,11,0.73,198,36.4,63.6,0
9/2/13,1011,57,25,23,0,48,0.84,864,52.1,47.9,0
9/2/13,93,50,34,7,0,41,0.82,738,82.9,17.1,0
9/9/13,93,15,9,3,0,12,0.8,216,75,25,0
9/9/13,1011,54,20,12,0,32,0.59,576,62.5,37.5,0
9/9/13,102,80,29,27,0,56,0.7,1008,51.8,48.2,0
9/16/13,101,110,83,73,0,156,1.42,2808,53.2,46.8,0
9/23/13,101,69,47,26,0,73,1.06,1314,64.4,35.6,0
9/23/13,93,38,20,7,0,27,0.71,486,74.1,25.9,0
10/1/13,96,103,60,44,0,104,1.01,1872,57.7,42.3,0
10/1/13,1011,45,19,29,0,48,1.07,864,39.6,60.4,0
10/8/13,1011,107,38,38,0,76,0.71,1368,50,50,0
10/8/13,101,90,48,26,0,74,0.82,1332,64.9,35.1,0
10/15/13,101,43,28,18,0,46,1.07,828,60.9,39.1,0
10/15/13,102,129,51,53,0,104,0.81,1872,49,51,0
10/22/13,93,62,28,27,0,55,0.89,990,50.9,49.1,0
10/22/13,96,54,28,17,0,45,0.83,810,62.2,37.8,0
10/28/13,1011,66,23,26,0,49,0.74,882,46.9,53.1,0
10/28/13,101,77,62,53,0,115,1.49,2070,53.9,46.1,0
11/4/13,101,68,35,26,0,61,0.9,1098,57.4,42.6,0
11/4/13,102,47,20,19,0,39,0.83,702,51.3,48.7,0
11/12/13,1011,94,24,44,0,68,0.72,1224,35.3,64.7,0
11/12/13,93,55,10,22,0,32,0.58,576,31.3,68.8,0
11/19/13,96,112,60,40,0,100,0.89,1800,60,40,0
11/25/13,96,67,39,33,0,72,1.07,1296,54.2,45.8,0
11/25/13,93,45,14,14,0,28,0.62,504,50,50,0
12/4/13,101,78,48,29,0,77,0.99,1386,62.3,37.7,0
12/4/13,93,70,32,38,0,70,1,1260,45.7,54.3,0
12/4/13,1011,10,3,0,0,3,0.3,54,100,0,0
12/11/13,101,96,84,32,0,116,1.21,2088,72.4,27.6,0
12/11/13,102,32,26,8,0,34,1.06,612,76.5,23.5,0
12/17/13,102,74,44,18,0,62,0.84,1116,71,29,0
12/17/13,1011,152,74,69,0,143,0.94,2574,51.7,48.3,0
12/17/13,96,24,7,87,0,94,3.92,1692,7.4,92.6,0
1/7/14,93,137,105,36,0,141,1.03,2538,74.5,25.5,0
1/7/14,96,14,9,0,0,9,0.64,162,100,0,0
1/14/14,96,143,151,30,0,181,1.27,3258,83.4,16.6,0
1/14/14,1011,20,15,4,0,19,0.95,342,78.9,21.1,0
1/22/14,1011,221,160,40,0,200,0.9,3600,80,20,0
1/28/14,101,217,176,24,0,200,0.92,3600,88,12,0
2/7/14,101,43,44,8,0,52,1.21,936,84.6,15.4,0
2/7/14,102,188,116,32,0,148,0.79,2664,78.4,21.6,0
2/11/14,93,187,149,46,0,195,1.04,3510,76.4,23.6,0
2/11/14,96,16,5,0,0,5,0.31,90,100,0,0
2/18/14,96,195,146,54,0,200,1.03,3600,73,27,0
2/25/14,1011,221,127,73,0,200,0.9,3600,63.5,36.5,0
3/4/14,1011,144,90,51,0,141,0.98,2538,63.8,36.2,0
3/4/14,101,70,44,15,0,59,0.84,1062,74.6,25.4,0
3/11/14,101,250,174,76,0,250,1,4500,69.6,30.4,0
3/18/14,102,118,68,41,0,109,0.92,1962,62.4,37.6,0
3/18/14,101,36,28,13,0,41,1.14,738,68.3,31.7,0
3/20/14,93,99,76,24,0,100,1.01,1800,76,24,0
3/25/14,93,95,76,31,0,107,1.13,1926,71,29,0
3/25/14,93,95,76,31,0,107,1.13,1926,71,29,0
3/25/14,96,92,71,22,0,93,1.01,1674,76.3,23.7,0
4/2/14,96,49,35,20,0,55,1.12,990,63.6,36.4,0
4/2/14,1011,171,98,47,0,145,0.85,2610,67.6,32.4,0
4/15/14,101,188,149,51,0,200,1.06,3600,74.5,25.5,0
4/23/14,93,112,76,34,0,110,0.98,1980,69.1,30.9,0
4/23/14,96,100,68,22,0,90,0.9,1620,75.6,24.4,0
4/30/14,1011,168,77,57,0,134,0.8,2412,57.5,42.5,0
4/30/14,101,70,45,21,0,66,0.94,1188,68.2,31.8,0
5/14/14,101,37,24,12,0,36,0.97,648,66.7,33.3,0
5/14/14,102,39,25,15,0,40,1.03,720,62.5,37.5,0
5/14/14,93,68,45,20,0,65,0.96,1170,69.2,30.8,0
5/14/14,96,65,46,13,0,59,0.91,1062,78,22,0
5/21/14,1011,74,29,28,0,57,0.77,1026,50.9,49.1,0
5/21/14,101,50,30,13,0,43,0.86,774,69.8,30.2,0
5/27/14,101,75,55,24,0,79,1.05,1422,69.6,30.4,0
5/27/14,102,23,19,2,0,21,0.91,378,90.5,9.5,0
6/3/14,102,51,33,19,0,52,1.02,936,63.5,36.5,0
6/3/14,93,51,36,12,0,48,0.94,864,75,25,0
6/10/14,96,106,75,25,0,100,0.94,1800,75,25,0
6/17/14,1011,137,50,50,0,100,0.73,1800,50,50,0
6/24/14,101,110,70,30,0,100,0.91,1800,70,30,0
7/8/14,93,123,67,40,0,107,0.87,1926,62.6,37.4,0
7/8/14,96,52,30,13,0,43,0.83,774,69.8,30.2,0
7/16/14,102,64,28,24,0,52,0.81,936,53.8,46.2,0
7/16/14,96,18,8,9,0,17,0.94,306,47.1,52.9,0
7/16/14,1011,35,21,10,0,31,0.89,558,67.7,32.3,0
7/22/14,1011,87,34,35,0,69,0.79,1242,49.3,50.7,0
7/22/14,101,42,23,8,0,31,0.74,558,74.2,25.8,0
8/5/14,101,67,38,34,0,72,1.07,1296,52.8,47.2,0
8/5/14,93,39,19,9,0,28,0.72,504,67.9,32.1,0
8/13/14,93,67,34,27,0,61,0.91,1098,55.7,44.3,0
8/13/14,96,92,59,30,0,89,0.97,1602,66.3,33.7,0
8/20/14,96,15,9,6,0,15,1,270,60,40,0
8/20/14,1011,146,76,59,0,135,0.92,2430,56.3,43.7,0
8/27/14,101,110,63,37,0,100,0.91,1800,63,37,0
9/3/14,102,141,82,45,0,127,0.9,2286,64.6,35.4,0
9/3/14,101,28,19,4,0,23,0.82,414,82.6,17.4,0
9/10/14,93,133,50,39,0,89,0.67,1602,56.2,43.8,0
9/10/14,96,63,36,25,0,61,0.97,1098,59,41,0
9/17/14,96,54,35,32,0,67,1.24,1206,52.2,47.8,0
9/17/14,1011,90,59,24,0,83,0.92,1494,71.1,28.9,0
9/23/14,1011,97,37,47,0,84,0.87,1512,44,56,0
9/23/14,101,27,8,8,0,16,0.59,288,50,50,0
9/30/14,101,160,75,61,0,136,0.85,2448,55.1,44.9,0
9/30/14,102,16,8,6,0,14,0.88,252,57.1,42.9,0
10/8/14,93,120,24,44,0,68,0.57,1224,35.3,64.7,0
10/8/14,102,111,47,35,0,82,0.74,1476,57.3,42.7,0
10/15/14,96,146,61,59,0,120,0.82,2160,50.8,49.2,0
10/15/14,1011,47,17,13,0,30,0.64,540,56.7,43.3,0
10/22/14,1011,122,36,44,0,80,0.66,1440,45,55,0
10/22/14,101,100,31,39,0,70,0.7,1260,44.3,55.7,0
10/29/14,101,42,20,16,0,36,0.86,648,55.6,44.4,0
10/29/14,102,77,30,29,0,59,0.77,1062,50.8,49.2,0
10/29/14,93,21,5,0,0,5,0.24,90,100,0,0
11/5/14,93,84,31,38,0,69,0.82,1242,44.9,55.1,0
11/5/14,96,104,39,42,0,81,0.78,1458,48.1,51.9,0
11/12/14,1011,134,47,47,0,94,0.7,1692,50,50,0
11/12/14,101,13,1,5,0,6,0.46,108,16.7,83.3,0
11/19/14,101,105,24,39,0,63,0.6,1134,38.1,61.9,0
11/19/14,102,69,21,16,0,37,0.54,666,56.8,43.2,0
11/26/14,102,28,11,8,0,19,0.68,342,57.9,42.1,0
11/26/14,93,55,15,18,0,33,0.6,594,45.5,54.5,0
11/26/14,96,61,22,26,0,48,0.79,864,45.8,54.2,0
12/10/14,1011,150,47,53,0,100,0.67,1800,47,53,0
12/17/14,101,136,45,52,0,97,0.71,1746,46.4,53.6,0
12/17/14,102,48,4,9,0,13,0.27,234,30.8,69.2,0
12/17/14,96,44,25,15,0,40,0.91,720,62.5,37.5,0
1/7/15,96,98,43,29,0,72,0.73,1296,59.7,40.3,0
1/7/15,1011,123,44,34,0,78,0.63,1404,56.4,43.6,0
1/14/15,1011,51,27,13,0,40,0.78,720,67.5,32.5,0
1/14/15,101,139,51,36,0,87,0.63,1566,58.6,41.4,0
1/14/15,93,43,8,15,0,23,0.53,414,34.8,65.2,0
1/21/15,96,135,65,32,0,97,0.72,1746,67,33,0
2/4/15,96,149,71,54,0,125,0.84,2250,56.8,43.2,0
2/4/15,1011,25,7,6,0,13,0.52,234,53.8,46.2,0
2/4/15,93,35,6,6,0,12,0.34,216,50,50,0
2/11/15,1011,205,100,50,0,150,0.73,2700,66.7,33.3,0
2/18/15,1011,83,30,29,0,59,0.71,1062,50.8,49.2,0
2/18/15,101,115,49,42,0,91,0.79,1638,53.8,46.2,0
2/25/15,101,102,39,35,0,74,0.73,1332,52.7,47.3,0
2/25/15,102,134,41,35,0,76,0.57,1368,53.9,46.1,0
3/3/15,96,196,85,65,0,150,0.77,2700,56.7,43.3,0
3/17/15,96,57,16,25,0,41,0.72,738,39,61,0
3/17/15,1011,127,64,45,0,109,0.86,1962,58.7,41.3,0
3/24/15,1011,59,28,17,0,45,0.76,810,62.2,37.8,0
3/24/15,101,120,42,13,0,55,0.46,990,76.4,23.6,0
3/25/15,101,85,44,13,0,57,0.67,1026,77.2,22.8,0
4/14/15,96,117,71,28,0,99,0.85,1782,71.7,28.3,0
4/21/15,1011,124,72,28,0,100,0.81,1800,72,28,0
5/5/15,101,173,110,40,0,150,0.87,2700,73.3,26.7,0
5/12/15,101,169,113,37,0,150,0.89,2700,75.3,24.7,0
5/26/15,96,171,118,32,0,150,0.88,2700,78.7,21.3,0
5/28/15,96,71,43,17,0,60,0.85,1080,71.7,28.3,0
5/28/15,1011,100,67,23,0,90,0.9,1620,74.4,25.6,0
6/8/15,101,65,,63,0,63,0.97,1134,0,100,0
6/15/15,101,80,45,20,0,65,0.81,1170,69.2,30.8,0
6/15/15,96,93,61,24,0,85,0.91,1530,71.8,28.2,0
6/17/15,101,80,45,20,0,65,0.81,1170,69.2,30.8,0
6/17/15,96,86,100,27,0,127,1.48,2286,78.7,21.3,0
6/17/15,1011,63,10,5,0,15,0.24,270,66.7,33.3,0
6/23/15,1011,123,49,32,0,81,0.66,1458,60.5,39.5,0
6/23/15,101,40,17,2,0,19,0.48,342,89.5,10.5,0
7/14/15,1011,147,63,37,0,100,0.68,1800,63,37,0
7/27/15,96,47,30,14,0,44,0.94,792,68.2,31.8,0
7/27/15,1011,19,9,0,0,9,0.47,162,100,0,0
7/27/15,101,52,36,11,0,47,0.9,846,76.6,23.4,0
8/4/15,96,18,12,5,0,17,0.94,306,70.6,29.4,0
8/4/15,1011,56,20,16,0,36,0.64,648,55.6,44.4,0
8/4/15,101,53,36,11,0,47,0.89,846,76.6,23.4,0
8/18/15,96,35,22,10,0,32,0.91,576,68.8,31.3,0
8/18/15,1011,43,19,12,0,31,0.72,558,61.3,38.7,0
8/18/15,101,45,29,8,0,37,0.82,666,78.4,21.6,0
8/25/15,96,30,18,12,0,30,1,540,60,40,0
8/25/15,1011,40,22,10,0,32,0.8,576,68.8,31.3,0
8/25/15,101,23,9,9,0,18,0.78,324,50,50,0
9/7/15,1011,86,43,28,0,71,0.83,1278,60.6,39.4,0
9/7/15,101,27,15,11,0,26,0.96,468,57.7,42.3,0
9/7/15,96,5,3,0,0,3,0.6,54,100,0,0
9/16/15,101,39,21,11,0,32,0.82,576,65.6,34.4,0
9/16/15,1011,28,22,21,0,43,1.54,774,51.2,48.8,0
9/16/15,96,34,22,3,0,25,0.74,450,88,12,0
9/28/15,101,49,25,16,0,41,0.84,738,61,39,0
9/28/15,1011,31,20,12,0,32,1.03,576,62.5,37.5,0
9/28/15,96,35,20,7,0,27,0.77,486,74.1,25.9,0
10/12/15,96,56,40,18,0,58,1.04,1044,69,31,0
10/12/15,1011,57,35,7,0,42,0.74,756,83.3,16.7,0
10/19/15,101,112,72,28,0,100,0.89,1800,72,28,0
10/26/15,96,105,70,30,0,100,0.95,1800,70,30,0
11/2/15,1011,144,61,39,0,100,0.69,1800,61,39,0
11/9/15,101,121,58,36,0,94,0.78,1692,61.7,38.3,0
11/9/15,1011,10,6,0,0,6,0.6,108,100,0,0
11/16/15,1011,39,19,13,0,32,0.82,576,59.4,40.6,0
11/16/15,96,114,41,27,0,68,0.6,1224,60.3,39.7,0
11/30/15,101,21,10,7,0,17,0.81,306,58.8,41.2,0
11/30/15,1011,32,22,16,0,38,1.19,684,57.9,42.1,0
11/30/15,96,22,15,10,0,25,1.14,450,60,40,0
12/14/15,101,27,19,10,0,29,1.07,522,65.5,34.5,0
12/14/15,1011,53,32,15,0,47,0.89,846,68.1,31.9,0
12/14/15,96,37,24,0,0,24,0.65,432,100,0,0
1/5/16,96,103,90,10,0,100,0.97,1800,90,10,0
1/12/16,96,125,123,27,0,150,1.2,2700,82,18,0
1/19/16,96,44,41,9,0,50,1.14,900,82,18,0
1/19/16,1011,183,114,36,0,150,0.82,2700,76,24,0
1/26/16,1011,166,124,44,0,168,1.01,3024,73.8,26.2,0
1/26/16,101,36,25,10,0,35,0.97,630,71.4,28.6,0
2/2/16,101,237,149,52,0,201,0.85,3618,74.1,25.9,0
2/10/16,101,185,100,56,0,156,0.84,2808,64.1,35.9,0
2/10/16,96,66,44,16,0,60,0.91,1080,73.3,26.7,0
2/16/16,96,209,139,66,0,205,0.98,3690,67.8,32.2,0
2/23/16,1011,17,11,4,0,15,0.88,270,73.3,26.7,0
2/23/16,96,194,113,72,0,185,0.95,3330,61.1,38.9,0
3/1/16,1011,232,132,75,0,207,0.89,3726,63.8,36.2,0
3/9/16,1011,175,62,30,0,92,0.53,1656,67.4,32.6,0
3/9/16,101,146,90,46,0,136,0.93,2448,66.2,33.8,0
3/15/16,96,28,17,4,0,21,0.75,378,81,19,0
3/15/16,1011,24,15,8,0,23,0.96,414,65.2,34.8,0
3/15/16,101,227,120,86,0,206,0.91,3708,58.3,41.7,0
3/22/16,96,150,110,40,0,150,1,2700,73.3,26.7,0
4/5/16,96,95,64,9,0,73,0.77,1314,87.7,12.3,0
4/5/16,1011,89,62,22,0,84,0.94,1512,73.8,26.2,0
4/12/16,1011,196,106,50,0,156,0.8,2808,67.9,32.1,0
4/19/16,1011,111,87,22,0,109,0.98,1962,79.8,20.2,0
4/19/16,101,59,42,0,0,42,0.71,756,100,0,0
4/26/16,101,196,155,31,0,186,0.95,3348,83.3,16.7,0
5/4/16,101,107,71,27,0,98,0.92,1764,72.4,27.6,0
5/4/16,96,64,44,10,0,54,0.84,972,81.5,18.5,0
5/10/16,96,142,115,35,0,150,1.06,2700,76.7,23.3,0
5/17/16,1011,232,128,57,0,185,0.8,3330,69.2,30.8,0
5/24/16,101,127,69,27,0,96,0.76,1728,71.9,28.1,0
5/24/16,96,29,20,8,0,28,0.97,504,71.4,28.6,0
6/1/16,96,87,67,33,0,100,1.15,1800,67,33,0
6/7/16,1011,151,69,31,0,100,0.66,1800,69,31,0
6/14/16,101,95,39,27,0,66,0.69,1188,59.1,40.9,0
6/14/16,96,41,30,4,0,34,0.83,612,88.2,11.8,0
6/27/16,96,57,42,19,0,61,1.07,1098,68.9,31.1,0
6/27/16,1011,52,21,18,0,39,0.75,702,53.8,46.2,0
7/6/16,1011,94,52,41,0,93,0.99,1674,55.9,44.1,0
7/6/16,96,8,6,1,0,7,0.88,126,85.7,14.3,0
7/19/16,101,136,54,39,0,93,0.68,1674,58.1,41.9,0
7/19/16,96,10,7,0,0,7,0.7,126,100,0,0
7/26/16,96,119,72,38,0,110,0.92,1980,65.5,34.5,0
8/8/16,1011,150,46,54,0,100,0.67,1800,46,54,0
8/16/16,101,35,14,11,0,25,0.71,450,56,44,0
8/16/16,96,26,20,13,0,33,1.27,594,60.6,39.4,0